{
  "evidence_id": "EVID-SCAN-EE3089E77F5B",
  "scan_id": 72,
  "integrity_status": "VALID",
  "scan_hash": "f3b96f28f2729abb435a1ee83ab837d861b64d7a3e68d430e04f5f6701c11fcf",
  "environment": {
    "python_version": "3.13.5 (tags/v3.13.5:6cb20a2, Jun 11 2025, 16:15:46) [MSC v.1943 64 bit (AMD64)]",
    "os": "Windows",
    "os_release": "11",
    "machine": "AMD64",
    "timestamp_utc": "2026-02-02T17:05:07.773325+00:00"
  },
  "timeline": [
    {
      "event_id": "EVT-3F6C6672",
      "timestamp": "2026-02-02T17:05:08.673849+00:00",
      "event_type": "SCAN_INITIALIZED",
      "source_module": "ForensicManager",
      "description": "Automated forensic layer activated for scan 72.",
      "vulnerability_id": null,
      "artifact_id": null
    },
    {
      "event_id": "EVT-3432E289",
      "timestamp": "2026-02-02T17:05:17.835448+00:00",
      "event_type": "ARTIFACT_COLLECTED",
      "source_module": "ForensicManager",
      "description": "Artifact captured: Finding: Missing Security Header: X-Content-Type-Options (Type: VULNERABILITY_RESULT)",
      "vulnerability_id": null,
      "artifact_id": 1
    },
    {
      "event_id": "EVT-FE5C0A33",
      "timestamp": "2026-02-02T17:05:20.972452+00:00",
      "event_type": "ARTIFACT_COLLECTED",
      "source_module": "ForensicManager",
      "description": "Artifact captured: Finding: Missing Security Header: Content-Security-Policy (Type: VULNERABILITY_RESULT)",
      "vulnerability_id": null,
      "artifact_id": 2
    },
    {
      "event_id": "EVT-20080C54",
      "timestamp": "2026-02-02T17:05:24.138461+00:00",
      "event_type": "ARTIFACT_COLLECTED",
      "source_module": "ForensicManager",
      "description": "Artifact captured: Finding: Missing Security Header: Strict-Transport-Security (Type: VULNERABILITY_RESULT)",
      "vulnerability_id": null,
      "artifact_id": 3
    },
    {
      "event_id": "EVT-6FCFDDA2",
      "timestamp": "2026-02-02T17:05:26.893932+00:00",
      "event_type": "ARTIFACT_COLLECTED",
      "source_module": "ForensicManager",
      "description": "Artifact captured: Finding: Broken Function Level Authorization (BFLA) (Type: VULNERABILITY_RESULT)",
      "vulnerability_id": null,
      "artifact_id": 4
    },
    {
      "event_id": "EVT-F259C465",
      "timestamp": "2026-02-02T17:05:55.732648+00:00",
      "event_type": "SCAN_COMPLETED",
      "source_module": "ForensicManager",
      "description": "Scan lifecycle completed. Finalizing forensic manifest.",
      "vulnerability_id": null,
      "artifact_id": null
    }
  ],
  "artifacts": [
    {
      "artifact_evidence_id": "ARTI-426E4731",
      "name": "Finding: Missing Security Header: X-Content-Type-Options",
      "artifact_type": "VULNERABILITY_RESULT",
      "sha256_hash": "1bd19a68edc2cccc57d52627a8e8a2d670ffd159a27723c55e12541efd11c85f",
      "collection_time": "2026-02-02T17:05:17.156015+00:00"
    },
    {
      "artifact_evidence_id": "ARTI-D9BC6077",
      "name": "Finding: Missing Security Header: Content-Security-Policy",
      "artifact_type": "VULNERABILITY_RESULT",
      "sha256_hash": "d3a55bb1eccde17e8c0a0b9f20c5711ed0fad7973208802a42ae89406db5ce99",
      "collection_time": "2026-02-02T17:05:20.298262+00:00"
    },
    {
      "artifact_evidence_id": "ARTI-F5C227CF",
      "name": "Finding: Missing Security Header: Strict-Transport-Security",
      "artifact_type": "VULNERABILITY_RESULT",
      "sha256_hash": "f366e3793229c3f90b0be610e9049e837fb919afc180cb94a0bf5a93a58d45b9",
      "collection_time": "2026-02-02T17:05:23.298451+00:00"
    },
    {
      "artifact_evidence_id": "ARTI-104686DB",
      "name": "Finding: Broken Function Level Authorization (BFLA)",
      "artifact_type": "VULNERABILITY_RESULT",
      "sha256_hash": "88557ec4fdc24f9086e2e9554c33cc06a3dfbfb3837c0aae6853a9dbfcecb8a0",
      "collection_time": "2026-02-02T17:05:26.446433+00:00"
    }
  ],
  "manifest": {
    "ARTI-426E4731": "1bd19a68edc2cccc57d52627a8e8a2d670ffd159a27723c55e12541efd11c85f"
  }
}